,question,answer,contexts,ground_truth,context_utilization,faithfulness,answer_relevancy,context_precision,context_recall,answer_correctness
0,explain the function bubble_sort() in the file bubble_sort.py,"  Of course! I'd be happy to help you understand the `bubble_sort` function in the provided code.
The `bubble_sort` function takes in a list of elements as input and sorts them using the bubble sort algorithm. Here's a step-by-step explanation of how the function works:
1. The function first determines the size of the input list (`len(elements)`) and initializes two variables: `i` and `swapped`. `i` is used to iterate through the list, and `swapped` is used to keep track of whether any swaps have occurred during the sorting process.
2. The function then iterates through the list from the second element to the last element (`range(size-1)`). For each element (`j`), it compares the element with the element after it (`elements[j+1]`).
3. If the element before it is greater than the element after it, the function performs a swap. Specifically, it swaps the values of `elements[j]` and `elements[j+1]`.
4. After swapping the values, the function checks if the `swapped` variable is still `False`. If it is, the function breaks out of the loop, indicating that the list has been sorted.
5. If the `swapped` variable is `True`, the function continues to the next iteration of the loop.
6. The function repeats steps 2-5 until the `swapped` variable is `False` for the entire list.
7. Once the list is sorted, the function prints the sorted list using the `print(elements)` statement.

So, in summary, the `bubble_sort` function takes in a list of elements, sorts them using the bubble sort algorithm, and prints the sorted list at the end.","['def bubble_sort(elements):\n    size = len(elements)\n\n    for i in range(size-1):\n        swapped = False\n        for j in range(size-1-i):\n            if elements[j] > elements[j+1]:\n                tmp = elements[j]\n                elements[j] = elements[j+1]\n                elements[j+1] = tmp\n                swapped = True\n\n        if not swapped:\n            break'
 'def bubble_sort(elements, key=None):\n    size = len(elements)\n\n    for i in range(size-1):\n        swapped = False\n        for j in range(size-1-i):\n            a = elements[j][key]\n            b = elements[j+1][key]\n            if a > b:\n                tmp = elements[j]\n                elements[j] = elements[j+1]\n                elements[j+1] = tmp\n                swapped = True\n\n        if not swapped:\n            break'
 '# you can use this to sort strings too\n# Code for: def bubble_sort(elements):\n\n\nif __name__ == \'__main__\':\n    elements = [5,9,2,1,67,34,88,34]\n    elements = [1,2,3,4,2]\n    elements = [""mona"", ""dhaval"", ""aamir"", ""tina"", ""chang""]\n\n    bubble_sort(elements)\n    print(elements)']","- Bubble sort is a simple sorting algorithm that repeatedly steps through the list to be sorted, compares each pair of adjacent items and swaps them if they are in the wrong order.
- In this case, the function bubble_sort() is being called with the argument 'elements' which is presumably a list of elements to be sorted.
- The function also takes an optional argument 'key' which specifies the key to use for sorting the elements. In this case, the key is 'transaction_amount'.
- The sorted list of elements will be printed out after the sorting process is completed.",0.5,1,0.898244455,0.5,0.5,0.445266481
1,What does the @time_it wrapper do,"  Great, I'm here to help you with your questions about the code!
For the `@time_it` wrapper, it does the following:
* It creates a new function `wrapper` that takes the same arguments as the `func` it is wrapping.
* It uses the `time.time()` function to measure the time it takes to execute the wrapped function.
* It calls the wrapped function with the provided arguments, and stores the start and end times of the execution in variables `start` and `end`.
* It prints the name of the wrapped function followed by ""took "" and the execution time in milliseconds (ms) using the `str()` function.
* It returns the result of calling the wrapped function.

So in summary, the `@time_it` wrapper is used to measure the time it takes to execute a function, and returns the result of executing that function.","['def time_it(func):\n    def wrapper(*args, **kwargs):\n        start = time.time()\n        result = func(*args,**kwargs)\n        end = time.time()\n        print(func.__name__ +"" took "" + str((end-start)*1000) + "" mil sec"")\n        return result\n    return wrapper'
 'import time\n# Code for: def time_it(func):'
 'from util import time_it\n\n@time_it\n# Code for: def linear_search(numbers_list, number_to_find):\n\n@time_it\n# Code for: def binary_search(numbers_list, number_to_find):\n\n# Code for: def binary_search_recursive(numbers_list, number_to_find, left_index, right_index):\n\nif __name__ == \'__main__\':\n    numbers_list = [12, 15, 17, 19, 21, 24, 45, 67]\n    number_to_find = 21\n\n    index = binary_search_recursive(numbers_list, number_to_find, 0, len(numbers_list))\n    print(f""Number found at index {index} using binary search"")']","- The @time_it wrapper is a decorator function that calculates the time taken for a function to execute.
- It takes a function as input and returns a wrapper function.
- Inside the wrapper function, it records the start time before calling the original function, then records the end time after the function has executed.
- It calculates the time taken for the function to execute by subtracting the start time from the end time and multiplying by 1000 to get the result in milliseconds.
- Finally, it prints out the name of the function and the time taken in milliseconds.
- The wrapper function then returns the result of the original function.",1,0.8,0.990016464,1,1,0.703344227
2,explain the working of the partition() function,"  Of course! I'd be happy to explain the working of the `partition()` function.
The `partition()` function takes three arguments: `elements`, `start`, and `end`. Its job is to partition the array `elements` into two subarrays, one containing elements less than or equal to the pivot element at index `end`, and the other containing elements greater than the pivot element.
Here's how the function works step-by-step:
1. It sets `pivot = elements[end]`. This is the element that will be used as the pivot in the partitioning process.
2. It initializes `p_index = start`. This is the index of the first element in the subarray that will contain elements less than or equal to the pivot.
3. It loops over the range `start` to `end`, and for each element `i` in this range, it checks if `elements[i]` is less than or equal to the pivot `pivot`. If it is, then it swaps the element `i` with the element at `p_index`. This is done using the `swap()` function, which is not provided in the code snippet you provided.
4. After looping over all elements in the range `start` to `end`, `p_index` will contain the index of the first element in the subarray that contains elements less than or equal to the pivot.
5. Next, the function loops over the range `start` to `end`, and for each element `i` in this range, it checks if `elements[i]` is greater than the pivot `pivot`. If it is, then it swaps the element `i` with the element at `end`.
6. After looping over all elements in the range `start` to `end`, the subarray containing elements less than or equal to the pivot will be from `start` to `p_index-1`, and the subarray containing elements greater than the pivot will be from `p_index` to `end`.
7. Finally, the function swaps the pivot `pivot` with the element at `end`, and then swaps `end` with the element at `p_index`.
So, in summary, the `partition()` function partitions the array `elements` into two subarrays, one containing elements less than or equal to the pivot element, and the other containing elements greater than the pivot element, by iterating over the range `start` to `end` and swapping elements accordingly.","['def partition(elements, start, end):\n    pivot = elements[end]\n    p_index = start\n\n    for i in range(start, end):\n        if elements[i] <= pivot:\n            swap(i, p_index, elements)\n            p_index += 1\n\n    swap(p_index, end, elements)\n\n    return p_index'
 'def partition(elements, start, end):\n    pivot_index = start\n    pivot = elements[pivot_index]\n\n    while start < end:\n        while start < len(elements) and elements[start] <= pivot:\n            start+=1\n\n        while elements[end] > pivot:\n            end-=1\n\n        if start < end:\n            swap(start, end, elements)\n\n    swap(pivot_index, end, elements)\n\n    return end'
 'def quick_sort(elements, start, end):\n    if start < end:\n        pi = partition(elements, start, end)\n        quick_sort(elements, start, pi-1)\n        quick_sort(elements, pi+1, end)']","- The `partition()` function takes in three parameters: `elements`, `start`, and `end`.
- It initializes the `pivot` variable to be the last element in the `elements` list.
- It also initializes the `p_index` variable to the value of `start`.
- It then iterates through the elements of the list from index `start` to `end - 1`.
- For each element, if the element is less than or equal to the `pivot`, it calls the `swap()` function passing the current index `i`, the `p_index`, and the `elements` list as arguments. This is done to move the smaller elements to the left side of the pivot.
- After the loop, it swaps the `p_index` element with the `end` element to place the pivot in its correct sorted position.
- Finally, it returns the `p_index`, which represents the index where the pivot element is placed in the sorted list.",1,1,0.921837084,1,1,0.835022
3,Explain the difference between the dfs() function and the bfs() function,"  Sure, I'd be happy to explain the difference between the `dfs()` function and the `bfs()` function based on the code provided.
The `dfs()` function is a depth-first search algorithm that traverses the graph from a given starting node. It uses a visited set to keep track of nodes that have already been visited, and it recursively calls itself for each node in the graph that has not been visited yet. The `visited` parameter is a set that is initially empty, but can be provided as a parameter to specify a different set of visited nodes.
Here's a step-by-step explanation of how the `dfs()` function works:
1. The function is called with the graph data `data`, the starting node 'A', and an empty visited set `visited`.
2. The function checks if the starting node 'A' has been visited before (i.e., if it is already in the visited set). If it has been visited, the function returns immediately.
3. If the starting node has not been visited, the function recursively calls itself for each node in the graph that is connected to 'A' (i.e., the nodes in the `data['A']` dictionary). For each of these nodes, the function adds them to the visited set and continues recursively calling itself.
4. Once all nodes connected to the starting node have been visited, the function returns.

On the other hand, the `bfs()` function is also a depth-first search algorithm, but it visits nodes in a different order. Unlike `dfs()`, which visits all nodes in a connected component before moving on to the next component, `bfs()` visits nodes in a breadth-first order, visiting all nodes at the current level before moving on to the next level.
Here's a step-by-step explanation of how the `bfs()` function works:
1. The function is called with the graph data `data`, the starting node 'A', and an empty visited set `visited`.
2. The function marks the starting node 'A' as visited and adds it to the visited set `visited`.
3. The function iterates through all nodes in the graph that are connected to the starting node 'A', visiting each node in breadth-first order. For each node, the function adds it to the visited set `visited` and continues iterating.
4. Once all nodes connected to the starting node have been visited, the function returns.

In summary, the main difference between `dfs()` and `bfs()` is the order in which they visit nodes. `dfs()` visits nodes in a depth-first order, while `bfs()` visits nodes in a breadth-first order.","[""# function for depth first search\n# Code for: def dfs(data, start, visited=set()):\n\n\n# sample data in dictionary form\ndata = {\n        'A': {'B'},\n        'B': {'A', 'C', 'D'},\n        'C': {'B', 'E'},\n        'D': {'B', 'E'},\n        'E': {'C', 'D', 'F'},\n        'F': {'E'}\n        }\n\n\nif __name__ == '__main__':\n\n    dfs(data, 'A')""
 ""# Code for: def bfs(data, start, visited=set()):\n\n\nif __name__ == '__main__':\n\n    data = {\n        'A': {'B'}, 'B': {'A', 'C', 'D'}, 'C': {'B', 'E'}, 'D': {'B', 'E'},\n        'E': {'C', 'D', 'F'}, 'F': {'E'}\n    }\n\n    bfs(data, 'A')""
 ""# Code for: def bfs(data, start, end, visited=[]):\n\n\nif __name__ == '__main__':\n  data = {\n    'A': {'B'},\n    'B': {'C', 'D'},\n    'C': {'E'},\n    'D': {'E'},\n    'E': {'F'},\n    'F': set()\n  }\n  bfs(data, 'A', 'D')""]",#NAME?,1,0.666666667,0.953149405,1,1,0.78300776
4,what does the fib() function do,"  Great, I'm happy to help you understand the `fib()` function! Here's a step-by-step explanation of what the function does:
1. The function takes a single argument `n` which represents the number of terms to calculate in the Fibonacci sequence.
2. The function first checks if `n` is either 0 or 1. If it is, the function returns `n` directly.
3. If `n` is not 0 or 1, the function recursively calls itself with `n-1` and `n-2` as arguments. This is because the `n-1`th and `n-2`th terms in the Fibonacci sequence can be calculated using the previous terms.
4. The function then returns the sum of the values returned by the two recursive calls. In other words, the function returns the sum of the `n-1`th and `n-2`th terms in the Fibonacci sequence.
5. Finally, the function prints the result to the console using the `print()` function.
So, in summary, the `fib()` function calculates the `n`th term in the Fibonacci sequence using a recursive approach, and returns the sum of the `n-1`th and `n-2`th terms.","['def fib(n):\n    # 0,1,1,2,3,5,8 <-- fibonacci numbers\n    # --------------\n    # 0,1,2,3,4,5,6 <-- index\n    if n==0 or n==1:\n        return n\n    return fib(n-1) + fib(n-2)'
 ""# Code for: def find_sum(n):\n\n# Code for: def fib(n):\n\nif __name__=='__main__':\n    print(find_sum(5))\n    print(fib(10))""
 'import time\n# Code for: def time_it(func):']","- The `fib()` function calculates and returns the nth Fibonacci number.
- The Fibonacci sequence starts with 0 and 1, and each subsequent number is the sum of the two preceding numbers.
- So, for example, if you call `fib(10)`, it will return the 10th Fibonacci number in the sequence.",0.833333333,0.833333333,0.910545842,0.833333333,1,0.459229511
5,explain the entire code in the file quick_sort.py,"  Sure, I'd be happy to explain the code in the `quick_sort.py` file. Here's a step-by-step breakdown of the code:
1. `if __name__ == '__main__':`: This line checks if the file is being run directly (i.e., not being imported as a module). If it is, the code inside this block will be executed.
2. `elements = [11,9,29,7,2,15,28]`: This line defines a list called `elements` with seven elements: 11, 9, 29, 7, 2, 15, and 28.
3. `quick_sort(elements, 0, len(elements)-1)`: This line calls the `quick_sort` function with the `elements` list and indices `0` (inclusive) and `len(elements)-1` (exclusive). The `quick_sort` function will sort the elements in the list using the quick sort algorithm.
4. `print(elements)`: This line prints the sorted list of elements to the console.
5. `tests = [...]`: This line defines a list called `tests` with several lists of elements that will be used to test the `quick_sort` function. Each list in `tests` will be sorted by the `quick_sort` function and then printed to the console.
6. `for elements in tests:`: This line starts a loop that will iterate over each list in the `tests` list.
7. `quick_sort(elements, 0, len(elements)-1)`: This line calls the `quick_sort` function with the current list `elements` and indices `0` (inclusive) and `len(elements)-1` (exclusive). The `quick_sort` function will sort the elements in the list using the quick sort algorithm.
8. `print(f'sorted array: {elements}')` : This line prints the sorted list of elements to the console.
9. `def swap(a, b, arr):` : This line defines a function called `swap` that takes three arguments: `a`, `b`, and `arr`. The function swaps the values of `a` and `b` in the `arr` list.
10. `def quick_sort(elements, start, end):` : This line defines a function called `quick_sort` that takes three arguments: `elements`, `start`, and `end`. The function sorts the elements in the `elements` list using the quick sort algorithm.
111. `def partition(elements, start, end):` : This line defines a function called `partition` that takes three arguments: `elements`, `start`, and `end`. The function partitions the elements in the `elements` list into two sublists, one containing elements less than the pivot element at index `start`, and the other containing elements greater than the pivot element.
12. `if start < end:` : This line checks if the `start` index is less than the `end` index. If `start` is greater than or equal to `end`, the quick sort function will not partition the list.
3. `pi = partition(elements, start, end)` : This line calls the `partition` function with the `elements` list and indices `start` (inclusive) and `end` (exclusive). The `partition` function will partition the list into two sublists.
4. `quick_sort(elements, start, pi-1)` : This line calls the `quick_sort` function with the `elements` list and indices `start` (inclusive) and `pi-1` (exclusive). The `quick_sort` function will sort the sublist of elements less than the pivot element.
5. `quick_sort(elements, pi+1, end)` : This line calls the `quick_sort` function with the `elements` list and indices `pi+1` (inclusive) and `end` (exclusive). The `quick_sort` function will sort the sublist of elements greater than the pivot element.
That's a high-level overview of the code in the `quick_sort.py` file. Let me know if you have any specific questions about the code!","['# implementation of quick sort in python using hoare partition scheme\n\n# Code for: def swap(a, b, arr):\n\n# Code for: def quick_sort(elements, start, end):\n\n# Code for: def partition(elements, start, end):\n\n\nif __name__ == \'__main__\':\n    elements = [11,9,29,7,2,15,28]\n    # elements = [""mona"", ""dhaval"", ""aamir"", ""tina"", ""chang""]\n    quick_sort(elements, 0, len(elements)-1)\n    print(elements)\n\n    tests = [\n        [11,9,29,7,2,15,28],\n        [3, 7, 9, 11],\n        [25, 22, 21, 10],\n        [29, 15, 28],\n        [],\n        [6]\n    ]\n\n    for elements in tests:\n        quick_sort(elements, 0, len(elements)-1)\n        print(f\'sorted array: {elements}\')'
 '# This implements quick sort using lomuto partition scheme\n\n# Code for: def swap(a, b, arr):\n\n# Code for: def quick_sort(elements, start, end):\n\n# Code for: def partition(elements, start, end):\n\n\nif __name__ == \'__main__\':\n    tests = [\n        [11,9,29,7,2,15,28],\n        [3, 7, 9, 11],\n        [25, 22, 21, 10],\n        [29, 15, 28],\n        [],\n        [6]\n    ]\n    # elements = [""mona"", ""dhaval"", ""aamir"", ""tina"", ""chang""]\n\n    for elements in tests:\n        quick_sort(elements, 0, len(elements)-1)\n        print(f\'sorted array: {elements}\')'
 'def quick_sort(elements, start, end):\n    if start < end:\n        pi = partition(elements, start, end)\n        quick_sort(elements, start, pi-1)\n        quick_sort(elements, pi+1, end)']","- The code defines a list of lists called ""tests"" containing various integer elements lists.
- It then iterates over each list in the ""tests"" list using a for loop.
- Within the loop, it calls the function ""quick_sort"" with the current list, the starting index 0, and the ending index which is the length of the list minus 1.
- The ""quick_sort"" function sorts the elements in the list using the Quick Sort algorithm.
- After sorting, it prints out the sorted array for each list in the ""tests"" list.

Overall, the code sorts each list of integers in the ""tests"" list using the Quick Sort algorithm and prints out the sorted arrays.",1,1,0.94733378,1,1,0.708660416
6,"what is the role of the variable ""pivot"" in the function partition()","  Great, I'm here to help you understand the code! The variable ""pivot"" plays a crucial role in the function `partition()` in the following ways:
* It is initialized with the last element of the array `elements` at the line `pivot = elements[end]`.
* It is used as a reference to the element that will be used to partition the array at that index.
* It is used to determine the partition point in the array, which is the index where the partition will occur. Specifically, it is the index of the element that is greater than or equal to the pivot element.
* It is used to swap elements with the pivot element in the array, starting from the start index and ending at the end index.
* It is used to update the pivot index at the end of the partitioning process, which is the index of the last element that has been swapped with the pivot element.

In summary, the variable ""pivot"" is used to partition the array and to determine the index of the pivot element, which is used to partition the array into two parts based on the pivot element.","['def partition(elements, start, end):\n    pivot = elements[end]\n    p_index = start\n\n    for i in range(start, end):\n        if elements[i] <= pivot:\n            swap(i, p_index, elements)\n            p_index += 1\n\n    swap(p_index, end, elements)\n\n    return p_index'
 'def partition(elements, start, end):\n    pivot_index = start\n    pivot = elements[pivot_index]\n\n    while start < end:\n        while start < len(elements) and elements[start] <= pivot:\n            start+=1\n\n        while elements[end] > pivot:\n            end-=1\n\n        if start < end:\n            swap(start, end, elements)\n\n    swap(pivot_index, end, elements)\n\n    return end'
 'def quick_sort(elements, start, end):\n    if start < end:\n        pi = partition(elements, start, end)\n        quick_sort(elements, start, pi-1)\n        quick_sort(elements, pi+1, end)']","- The variable ""pivot"" in the function partition() stores the last element in the list ""elements"" which is used as the pivot for the partitioning process.
- It is compared to other elements in the list to determine whether they should be placed before or after the pivot element.
- The elements smaller than or equal to the pivot are placed before it, and the elements greater than the pivot are placed after it.",1,0.4,0.974871922,1,1,0.829821015
7,what is the diffrence between the binary_search() function and the binary_search_recursive() function,"  Great, I'm here to help you understand the differences between the `binary_search()` function and the `binary_search_recursive()` function in the provided code.
The `binary_search()` function is a simple implementation of binary search that takes a list of numbers and a target number to find. It returns the index of the target number in the list if it exists, or -1 if it doesn't. The function works by comparing the target number with the middle element of the list, and then repeating the process by adjusting the left or right index based on the comparison result.
On the other hand, the `binary_search_recursive()` function is a recursive implementation of binary search that takes a list of numbers, a target number to find, and two indices (left and right) that represent the range of numbers in the list. The function works by recursively searching for the target number in the list by comparing it with the middle element of the sub-list between the left and right indices. If the target number is found, the function returns the index of the target number in the list. If the target number is not found, the function returns -1.
The main difference between the two functions is the way they handle the search process. The `binary_search()` function uses a simple iterative approach, while the `binary_search_recursive()` function uses a recursive approach. The recursive approach can be more efficient for larger lists, as it avoids the overhead of multiple iterations. However, the iterative approach can be simpler to understand and implement for small lists.
Another difference is that the `binary_search_recursive()` function provides more flexibility in terms of the input parameters. For example, it can handle a list of any type of data, while the `binary_search()` function is limited to a list of integers.
In summary, the main differences between the `binary_search()` function and the `binary_search_recursive()` function are:
* Search strategy: `binary_search()` uses an iterative approach, while `binary_search_recursive()` uses a recursive approach.
* Efficiency: `binary_search_recursive()` can be more efficient for larger lists, while `binary_search()` can be simpler to implement and faster for small lists.
* Flexibility: `binary_search_recursive()` can handle a list of any type of data, while `binary_search()` is limited to a list of integers.","['def binary_search_recursive(numbers_list, number_to_find, left_index, right_index):\n    if right_index < left_index:\n        return -1\n\n    mid_index = (left_index + right_index) // 2\n    if mid_index >= len(numbers_list) or mid_index < 0:\n        return -1\n\n    mid_number = numbers_list[mid_index]\n\n    if mid_number == number_to_find:\n        return mid_index\n\n    if mid_number < number_to_find:\n        left_index = mid_index + 1\n    else:\n        right_index = mid_index - 1\n\n    return binary_search_recursive(numbers_list, number_to_find, left_index, right_index)'
 'from util import time_it\n\n@time_it\n# Code for: def linear_search(numbers_list, number_to_find):\n\n@time_it\n# Code for: def binary_search(numbers_list, number_to_find):\n\n# Code for: def binary_search_recursive(numbers_list, number_to_find, left_index, right_index):\n\nif __name__ == \'__main__\':\n    numbers_list = [12, 15, 17, 19, 21, 24, 45, 67]\n    number_to_find = 21\n\n    index = binary_search_recursive(numbers_list, number_to_find, 0, len(numbers_list))\n    print(f""Number found at index {index} using binary search"")'
 ""############ BINARY SEARCH EXERCISE SOLUTION: CODEBASICS YOUTUBE CHANNEL ####################\n\n################### PROBLEM 1 #######################\n#  When I try to find number 5 in below list using binary search, it doesn't work and returns me -1 index. Why is that?\n#  numbers = [1,4,6,9,10,5,7]\n#  Answer: It is because the list is not sorted! Binary search requires that list has to be sorted\n\n################### PROBLEM 2 #######################\n# Problem: Find index of all the occurances of a number from sorted list\n# Solution here tries to find an index of a number using binary search. Now since the list is sorted,\n# it can do left and right scan from the initial index to find all occurances of a given element\n# This method is not most efficient and I want you to figure out even a better way of doing it. In\n# any case below method is still effective\n\n# Code for: def binary_search(numbers_list, number_to_find):\n\n# Code for: def find_all_occurances(numbers, number_to_find):""]","- The `binary_search()` function is an iterative implementation of the binary search algorithm, while the `binary_search_recursive()` function is a recursive implementation of the binary search algorithm.
- In the iterative `binary_search()` function, the algorithm uses a while loop to repeatedly divide the list into smaller parts and compare the middle element with the target value until the target value is found or the list is exhausted.
- In the recursive `binary_search_recursive()` function, the algorithm calls itself with updated parameters for the left and right indices until the target value is found or the base case is reached.
- Both functions follow the same binary search algorithm logic, but the difference lies in their implementation approach â€“ iterative vs. recursive.",1,1,0.954727914,1,1,0.906588959
8,explain the code in merge_sort_final.py using an example,"  Of course! I'd be happy to help you understand the code in `merge_sort_final.py`.
The code defines a function `merge_sort` that takes in a list `arr` as input and sorts it using the merge sort algorithm. Here's a step-by-step explanation of how the code works:
1. The function starts by checking if the length of the input list `arr` is less than or equal to 1. If it is, the function returns `arr` directly, as it is already sorted.
2. If the length of `arr` is greater than 1, the function divides the list into two halves: `left` and `right`. The size of the halves is determined by calculating the length of `arr` divided by 2 (`mid = len(arr)//2`).
3. The function then recursively calls the `merge_sort` function on `left` and `right`. This is done to sort the two halves separately.
4. After the two halves are sorted, the function calls the `merge_two_sorted_lists` function to merge the two sorted lists into a single sorted list. This function takes in the two sorted lists `left` and `right`, and the output list `arr`.
5. The `merge_two_sorted_lists` function performs the actual merging of the two lists by iterating over the elements of `left` and `right` and appending them to the output list `arr` in the correct order. The function uses a simple merge algorithm to ensure that the two lists are merged correctly.
Here's an example of how the `merge_sort` function would work with the input list `[10, 3, 15, 7, 8, 23, 98, 29]`.
First, the function divides the list into two halves: `[10, 3, 7, 8]` and `[15, 23, 98, 29]`.
Then, it recursively calls the `merge_sort` function on the two halves: `[10, 3, 7, 8]` and `[15, 23, 98, 29]`.
After the two halves are sorted, the `merge_two_sorted_lists` function is called to merge the two sorted lists into a single sorted list: `[10, 3, 7, 8, 15, 23, 98, 29]`.
Finally, the `merge_sort` function returns the sorted list `arr`.
I hope this helps you understand the code in `merge_sort_final.py` better! Let me know if you have any other questions.","[""# Code for: def merge_sort(arr):\n\n# Code for: def merge_two_sorted_lists(a,b,arr):\n\nif __name__ == '__main__':\n    test_cases = [\n        [10, 3, 15, 7, 8, 23, 98, 29],\n        [],\n        [3],\n        [9,8,7,2],\n        [1,2,3,4,5]\n    ]\n\n    for arr in test_cases:\n        merge_sort(arr)\n        print(arr)""
 ""# Code for: def merge_sort(arr):\n\n# Code for: def merge_two_sorted_lists(a,b):\n\nif __name__ == '__main__':\n    arr = [10,3,15,7,8,23,98,29]\n\n    print(merge_sort(arr))""
 'def merge_sort(arr):\n    if len(arr) <= 1:\n        return\n\n    mid = len(arr)//2\n\n    left = arr[:mid]\n    right = arr[mid:]\n\n    merge_sort(left)\n    merge_sort(right)\n\n    merge_two_sorted_lists(left, right, arr)']","- The code defines a function called merge_sort that takes an array as input.
- Inside the merge_sort function, it checks if the length of the array is less than or equal to 1, in which case it returns the array as is.
- If the length of the array is greater than 1, it calculates the middle index of the array and splits the array into two halves.
- It then recursively calls the merge_sort function on the two halves of the array.
- After the recursive calls, it returns the result of merging the two sorted halves using the merge_two_sorted_lists function.

Example:
- Given array: [10, 3, 15, 7, 8, 23, 98, 29]
- First, the array is split into [10, 3, 15, 7] and [8, 23, 98, 29].
- Then, the two halves are further split into [10, 3] and [15, 7] and [8, 23] and [98, 29].
- This process continues until each subarray has only one element.
- The merging process starts by merging [10] and [3] to get [3, 10].
- Then [15] and [7] are merged to get [7, 15].
- The final merge step combines [3, 10] and [7, 15] to get [3, 7, 10, 15].
- This process is repeated for the second half of the array.
- Finally, the two sorted halves [3, 7, 10, 15] and [8, 23, 29, 98] are merged to get the fully sorted array [3, 7, 8, 10, 15, 23, 29, 98].
- The sorted array is then printed.",1,0.888888889,0.902053395,1,0.333333333,0.588072681
9,Can you optimize the code in the shell_sort() function,"  Of course! I'd be happy to help you optimize the `shell_sort` function.
To start, let's take a look at the current implementation of the function:
```scss
def shell_sort(arr):
    size = len(arr)
    gap = size//2

    while gap > 0:
        for i in range(gap,size):
            anchor = arr[i]
            j = i
            while j>=gap and arr[j-gap]>anchor:
                arr[j] = arr[j-gap]
                j -= gap
            arr[j] = anchor
        gap = gap // 2

# Code for: def foo(arr):

if __name__ == '__main__':
    tests = [
        [89, 78, 61, 53, 23, 21, 17, 12, 9, 7, 6, 2, 1],
        [],
        [1,5,8,9],
        [234,3,1,56,34,12,9,12,1300],
        [5]
    ]
    elements = [89,78,61,53,23,21,17,12,9,7,6,2,1]
    for elements in tests:
        shell_sort(elements)
        print(elements)
```
Here are some potential optimizations that could be made to the function:
1. Use a variable to store the gap size instead of recomputing it every loop:
```scss

def shell_sort(arr):
    size = len(arr)
    gap = 0

    while gap < size:
        for i in range(gap,size):
            anchor = arr[i]
            j = i
            while j >= gap and arr[j-gap] > anchor:
                arr[j] = arr[j-gap]
                j -= gap
            arr[j] = anchor
        gap += 1

# Code for: def foo(arr):


if __name__ == '__main__':
    tests = [
        [89, 78, 61, 53, 23, 21, 17, 12, 9, 7, 6, 2, 1],
        [],
        [1,5,8,9],
        [234,3,1,56,34,12,9,12,1300],
        [5]
    ]
    elements = [89,78,61,53,23,21,17,12,9,7,6,2,1]
    for elements in tests:
        shell_sort(elements)
        print(elements)
```
Instead of recomputing the gap size every loop, we can use a variable to store the gap size and update it only when the gap size changes. This can save some computation and make the code faster.
2. Use a nested loop to sort the elements in place instead of creating a new list and sorting it:
```scss

def shell_sort(arr):
    size = len(arr)
    gap = 0

    while gap < size:
        for i in range(gap,size):
            anchor = arr[i]
            j = i
            while j >= gap and arr[j-gap] > anchor:
                arr[j] = arr[j-gap]
                j -= gap
            arr[j] = anchor
        gap += 1

# Code for: def foo(arr):


if __name__ == '__main__':
    tests = [
        [89, 78, 61, 53, 23, 21, 17, 12, 9, 7, 6, 2, 1],
        [],
        [1,5,8,9],
        [234,3,1,56,34,12,9,12,1300],
        [5]
    ]
    elements = [89,78,61,53,23,21,17,12,9,7,6,2,1]
    for elements in tests:
        shell_sort(elements)
        print(elements)
```
Instead of creating a new list and sorting it, we can use a nested loop to sort the elements in place. This can save some memory and make the code faster.
3. Use a more efficient method for finding the smallest element in the gap:

```scss

def shell_sort(arr):
    size = len(arr)
    gap = 0

    while gap < size:
        for i in range(gap,size):
            anchor = arr[i]
            j = i
            while j >= gap and arr[j-gap] > anchor:
                arr[j] = arr[j-gap]
                j -= gap
            arr[j] = anchor
        gap += 1

# Code for: def foo(arr):


if __name__ == '__main__':
    tests = [
        [89, 78, 61, 53, 23, 21, 17, 12, 9, 7, 6, 2, 1],
        [],
        [1,5,8,9],
        [234,3,1,56,34,12,9,12,1300],
        [5]
    ]
    elements = [89,78,61,53,23,21,17,12,9,7,6,2,1]
    for elements in tests:
        shell_sort(elements)
        print(elements)
```
Instead of using a linear search to find the smallest element in the gap, we can use a more efficient method such as binary search. Binary search has a time complexity of O(log n) compared to O(n) for linear search, so it can save some time and make the code faster.
I hope these suggestions help! Let me know if you have any questions or if you'd like me to expand on any of these points.","['def shell_sort(arr):\n    n = len(arr)\n    div = 2\n    gap = n//div\n    while gap > 0:\n        index_to_delete = []\n        for i in range(gap, n):\n            temp = arr[i]\n            j = i\n            while j >= gap and arr[j-gap] >= temp:\n                if arr[j-gap] == temp:\n                    index_to_delete.append(j)\n                arr[j] = arr[j-gap]\n                j -= gap\n            arr[j] = temp\n        index_to_delete=list(set(index_to_delete))\n        index_to_delete.sort()\n        if index_to_delete:\n            for i in index_to_delete[-1::-1]:\n                del arr[i]\n        div *= 2\n        n = len(arr)\n        gap = n//div'
 'def shell_sort(arr):\n    size = len(arr)\n    gap = size//2\n\n    while gap > 0:\n        for i in range(gap,size):\n            anchor = arr[i]\n            j = i\n            while j>=gap and arr[j-gap]>anchor:\n                arr[j] = arr[j-gap]\n                j -= gap\n            arr[j] = anchor\n        gap = gap // 2'
 ""# Code for: def shell_sort(arr):\n\n# Code for: def foo(arr):\n\nif __name__ == '__main__':\n    tests = [\n        [89, 78, 61, 53, 23, 21, 17, 12, 9, 7, 6, 2, 1],\n        [],\n        [1,5,8,9],\n        [234,3,1,56,34,12,9,12,1300],\n        [5]\n    ]\n    elements = [89,78,61,53,23,21,17,12,9,7,6,2,1]\n    for elements in tests:\n        shell_sort(elements)\n        print(elements)""]","- The shell_sort() function can be optimized by changing the gap sequence used for sorting.
- One way to optimize it is to use the Knuth's sequence for determining the gap values.
- Knuth's sequence is defined as h = (3 * h) + 1 where h is the starting value.
- By using Knuth's sequence, the shell_sort() function can achieve better performance by reducing the number of comparisons and swaps required.",1,1,0.937924734,1,1,0.493561336
,,,,,0.933333333,0.858888889,0.939070499,0.933333333,0.883333333,0.675257439
